epoch,time,train/box_loss,train/cls_loss,train/dfl_loss,metrics/precision(B),metrics/recall(B),metrics/mAP50(B),metrics/mAP50-95(B),val/box_loss,val/cls_loss,val/dfl_loss,lr/pg0,lr/pg1,lr/pg2
1,392.7,2.05817,3.28403,1.11206,0.81628,0.58382,0.66764,0.27431,2.07323,1.76747,1.01915,0.0006662,0.0006662,0.0006662
2,775.013,2.01427,1.77705,1.10721,0.81472,0.5787,0.66469,0.28255,2.07105,1.54855,1.02673,0.00130648,0.00130648,0.00130648
3,1157,1.99879,1.68842,1.1008,0.8393,0.62168,0.69492,0.30873,1.98501,1.40668,0.99728,0.00192035,0.00192035,0.00192035
4,1535.37,1.93332,1.61257,1.08122,0.86566,0.68866,0.74777,0.33847,1.94451,1.39585,0.98627,0.0018812,0.0018812,0.0018812
5,1927.81,1.90309,1.52631,1.06685,0.88193,0.69279,0.76957,0.35758,1.88051,1.23642,0.98362,0.0018416,0.0018416,0.0018416
